input,output
연인이랑 전화할 때 무슨 얘기 할지 모르겠어.,같은 취미를 가져보는 건 어때? 공통 화제가 있으면 대화가 잘 통할 거야.
연인이랑 전화할 때 무슨 얘기 할지 모르겠어.,일상 얘기부터 해봐~
연인이랑 전화할 때 무슨 얘기 할지 모르겠어.,"목소리만 들어도 좋잖아, 어떤 주제라도 이야기가 잘 통할거야."
연인이랑 전화할 때 무슨 얘기 할지 모르겠어.,데이트 계획 같이 세워 봐~! 같이 하고싶은 게 많잖아
연인이랑 전화할 때 무슨 얘기 할지 모르겠어.,오늘 하루 어땠는지 얘기해 봐.
연인이랑 전화할 때 무슨 얘기 할지 모르겠어.,내가 이런 것 까지 가르쳐 줘야 하는거야~? ㅋㅋㅋㅋㅋ
연인이랑 전화할 때 무슨 얘기 할지 모르겠어.,평소에 많이 얘기 해서 할 말이 없다면 굳이 전화하지 않아도 괜찮아 보여
연인이랑 전화할 때 무슨 얘기 할지 모르겠어.,요즘 유행하는 주제에 대해서 한 번 물어 봐
연인이랑 전화할 때 무슨 얘기 할지 모르겠어.,관심사에 대해 물어 봐
연인이랑 전화할 때 무슨 얘기 해?,같은 취미를 가져보는 건 어때? 공통 화제가 있으면 대화가 잘 통할 거야.
연인이랑 전화할 때 무슨 얘기 해?,일상 얘기부터 해봐~
연인이랑 전화할 때 무슨 얘기 해?,"목소리만 들어도 좋잖아, 어떤 주제라도 이야기가 잘 통할거야."
연인이랑 전화할 때 무슨 얘기 해?,데이트 계획 같이 세워 봐~! 같이 하고싶은 게 많잖아
연인이랑 전화할 때 무슨 얘기 해?,오늘 하루 어땠는지 얘기해 봐.
연인이랑 전화할 때 무슨 얘기 해?,내가 이런 것 까지 가르쳐 줘야 하는거야~? ㅋㅋㅋㅋㅋ
연인이랑 전화할 때 무슨 얘기 해?,평소에 많이 얘기 해서 할 말이 없다면 굳이 전화하지 않아도 괜찮아 보여
연인이랑 전화할 때 무슨 얘기 해?,요즘 유행하는 주제에 대해서 한 번 물어 봐
연인이랑 전화할 때 무슨 얘기 해?,관심사에 대해 물어 봐
연인이랑 전화할 때 할 말이 없어.,같은 취미를 가져보는 건 어때? 공통 화제가 있으면 대화가 잘 통할 거야.
연인이랑 전화할 때 할 말이 없어.,일상 얘기부터 해봐~
연인이랑 전화할 때 할 말이 없어.,"목소리만 들어도 좋잖아, 어떤 주제라도 이야기가 잘 통할거야."
연인이랑 전화할 때 할 말이 없어.,데이트 계획 같이 세워 봐~! 같이 하고싶은 게 많잖아
연인이랑 전화할 때 할 말이 없어.,오늘 하루 어땠는지 얘기해 봐.
연인이랑 전화할 때 할 말이 없어.,내가 이런 것 까지 가르쳐 줘야 하는거야~? ㅋㅋㅋㅋㅋ
연인이랑 전화할 때 할 말이 없어.,평소에 많이 얘기 해서 할 말이 없다면 굳이 전화하지 않아도 괜찮아 보여
연인이랑 전화할 때 할 말이 없어.,요즘 유행하는 주제에 대해서 한 번 물어 봐
연인이랑 전화할 때 할 말이 없어.,관심사에 대해 물어 봐
남친이 전여친하고 계속 친구로 지내고 있더라.,와.. 너무 스트레스 받는데..? 너는 괜찮아?
남친이 전여친하고 계속 친구로 지내고 있더라.,와.. 너무 스트레스 받는데..? 연인이랑 진지하게 얘기해봤어?
남친이 전여친하고 계속 친구로 지내고 있더라.,헤어졌는데 친구로 지내는 게 가능한 거야?
남친이 전여친하고 계속 친구로 지내고 있더라.,찜찜하게 엮인 관계여서 네가 상처 많이 받을 것 같아..
남친이 전여친하고 계속 친구로 지내고 있더라.,그런 사람이랑은 헤어져! 사귀어봤자 그 일 때문에 계속 싸우고 상처 받을 거야
여친이 전남친하고 계속 친구로 지내고 있더라.,와.. 너무 스트레스 받는데..? 너는 괜찮아?
여친이 전남친하고 계속 친구로 지내고 있더라.,와.. 너무 스트레스 받는데..? 연인이랑 진지하게 얘기해봤어?
여친이 전남친하고 계속 친구로 지내고 있더라.,헤어졌는데 친구로 지내는 게 가능한 거야?
여친이 전남친하고 계속 친구로 지내고 있더라.,찜찜하게 엮인 관계여서 네가 상처 많이 받을 것 같아..
여친이 전남친하고 계속 친구로 지내고 있더라.,그런 사람이랑은 헤어져! 사귀어봤자 그 일 때문에 계속 싸우고 상처 받을 거야
남자친구가 전여자친구하고 계속 친구로 지내고 있더라.,와.. 너무 스트레스 받는데..? 너는 괜찮아?
남자친구가 전여자친구하고 계속 친구로 지내고 있더라.,와.. 너무 스트레스 받는데..? 연인이랑 진지하게 얘기해봤어?
남자친구가 전여자친구하고 계속 친구로 지내고 있더라.,헤어졌는데 친구로 지내는 게 가능한 거야?
남자친구가 전여자친구하고 계속 친구로 지내고 있더라.,찜찜하게 엮인 관계여서 네가 상처 많이 받을 것 같아..
남자친구가 전여자친구하고 계속 친구로 지내고 있더라.,그런 사람이랑은 헤어져! 사귀어봤자 그 일 때문에 계속 싸우고 상처 받을 거야
여자친구가 전남자친구하고 계속 친구로 지내고 있더라.,와.. 너무 스트레스 받는데..? 너는 괜찮아?
여자친구가 전남자친구하고 계속 친구로 지내고 있더라.,와.. 너무 스트레스 받는데..? 연인이랑 진지하게 얘기해봤어?
여자친구가 전남자친구하고 계속 친구로 지내고 있더라.,헤어졌는데 친구로 지내는 게 가능한 거야?
여자친구가 전남자친구하고 계속 친구로 지내고 있더라.,찜찜하게 엮인 관계여서 네가 상처 많이 받을 것 같아..
여자친구가 전남자친구하고 계속 친구로 지내고 있더라.,그런 사람이랑은 헤어져! 사귀어봤자 그 일 때문에 계속 싸우고 상처 받을 거야
여친과 싸워서 시간을 가지기로 했는데 연락이 안 돼. 연락을 먼저 해봐야 할까?,그 정도면 헤어진 거 아닐까…
여친과 싸워서 시간을 가지기로 했는데 연락이 안 돼. 연락을 먼저 해봐야 할까?,무슨 일로 싸우게 된 거야?
여친과 싸워서 시간을 가지기로 했는데 연락이 안 돼. 연락을 먼저 해봐야 할까?,네 연락을 기다리고 있을 거야! 어서 연락해 봐!
여친과 싸워서 시간을 가지기로 했는데 연락이 안 돼. 연락을 먼저 해봐야 할까?,아직 생각 정리가 필요한 게 아닐까? 조금만 더 기다려보자.
여친과 싸워서 시간을 가지기로 했는데 연락이 안 돼. 연락을 먼저 해봐야 할까?,왜 아직 연락 안 한거야? 자존심 챙길 때가 아니라구!
여친과 싸워서 시간을 가지기로 했는데 연락이 안 돼. 연락을 먼저 해봐야 할까?,연인한테서 연락이 먼저 오길 기다리고 있는 거야?
여친과 싸워서 시간을 가지기로 했는데 연락이 안 돼. 연락을 먼저 해봐야 할까?,연인을 놓치기 싫다면 먼저 연락해. 그러다가 진짜로 헤어지면 어떡하려고?
여자친구와 싸워서 시간을 가지기로 했는데 연락이 안 돼. 연락을 먼저 해봐야 할까?,그 정도면 헤어진 거 아닐까…
여자친구와 싸워서 시간을 가지기로 했는데 연락이 안 돼. 연락을 먼저 해봐야 할까?,무슨 일로 싸우게 된 거야?
여자친구와 싸워서 시간을 가지기로 했는데 연락이 안 돼. 연락을 먼저 해봐야 할까?,네 연락을 기다리고 있을 거야! 어서 연락해 봐!
여자친구와 싸워서 시간을 가지기로 했는데 연락이 안 돼. 연락을 먼저 해봐야 할까?,아직 생각 정리가 필요한 게 아닐까? 조금만 더 기다려보자.
여자친구와 싸워서 시간을 가지기로 했는데 연락이 안 돼. 연락을 먼저 해봐야 할까?,왜 아직 연락 안 한거야? 자존심 챙길 때가 아니라구!
여자친구와 싸워서 시간을 가지기로 했는데 연락이 안 돼. 연락을 먼저 해봐야 할까?,연인한테서 연락이 먼저 오길 기다리고 있는 거야?
여자친구와 싸워서 시간을 가지기로 했는데 연락이 안 돼. 연락을 먼저 해봐야 할까?,연인을 놓치기 싫다면 먼저 연락해. 그러다가 진짜로 헤어지면 어떡하려고?
남친과 싸워서 시간을 가지기로 했는데 연락이 안 돼. 연락을 먼저 해봐야 할까?,그 정도면 헤어진 거 아닐까…
남친과 싸워서 시간을 가지기로 했는데 연락이 안 돼. 연락을 먼저 해봐야 할까?,무슨 일로 싸우게 된 거야?
남친과 싸워서 시간을 가지기로 했는데 연락이 안 돼. 연락을 먼저 해봐야 할까?,네 연락을 기다리고 있을 거야! 어서 연락해 봐!
남친과 싸워서 시간을 가지기로 했는데 연락이 안 돼. 연락을 먼저 해봐야 할까?,아직 생각 정리가 필요한 게 아닐까? 조금만 더 기다려보자.
남친과 싸워서 시간을 가지기로 했는데 연락이 안 돼. 연락을 먼저 해봐야 할까?,왜 아직 연락 안 한거야? 자존심 챙길 때가 아니라구!
남친과 싸워서 시간을 가지기로 했는데 연락이 안 돼. 연락을 먼저 해봐야 할까?,연인한테서 연락이 먼저 오길 기다리고 있는 거야?
남친과 싸워서 시간을 가지기로 했는데 연락이 안 돼. 연락을 먼저 해봐야 할까?,연인을 놓치기 싫다면 먼저 연락해. 그러다가 진짜로 헤어지면 어떡하려고?
남자친구와 싸워서 시간을 가지기로 했는데 연락이 안 돼. 연락을 먼저 해봐야 할까?,그 정도면 헤어진 거 아닐까…
남자친구와 싸워서 시간을 가지기로 했는데 연락이 안 돼. 연락을 먼저 해봐야 할까?,무슨 일로 싸우게 된 거야?
남자친구와 싸워서 시간을 가지기로 했는데 연락이 안 돼. 연락을 먼저 해봐야 할까?,네 연락을 기다리고 있을 거야! 어서 연락해 봐!
남자친구와 싸워서 시간을 가지기로 했는데 연락이 안 돼. 연락을 먼저 해봐야 할까?,아직 생각 정리가 필요한 게 아닐까? 조금만 더 기다려보자.
남자친구와 싸워서 시간을 가지기로 했는데 연락이 안 돼. 연락을 먼저 해봐야 할까?,왜 아직 연락 안 한거야? 자존심 챙길 때가 아니라구!
남자친구와 싸워서 시간을 가지기로 했는데 연락이 안 돼. 연락을 먼저 해봐야 할까?,연인한테서 연락이 먼저 오길 기다리고 있는 거야?
남자친구와 싸워서 시간을 가지기로 했는데 연락이 안 돼. 연락을 먼저 해봐야 할까?,연인을 놓치기 싫다면 먼저 연락해. 그러다가 진짜로 헤어지면 어떡하려고?
내가 무뚝뚝하고 애교가 없다보니 애정표현을 잘 못해. 어떻게 하면 애정표현을 잘할 수 있을까? ,시간이 지나면 자연스럽게 표현하게 되어 있어~ 지금은 어색해서 그런거야
내가 무뚝뚝하고 애교가 없다보니 애정표현을 잘 못해. 어떻게 하면 애정표현을 잘할 수 있을까? ,"지금은 어색해서 그런거야, 시간이 지날수록 더 좋아져서 표현하게 될 걸?"
내가 무뚝뚝하고 애교가 없다보니 애정표현을 잘 못해. 어떻게 하면 애정표현을 잘할 수 있을까? ,부끄러운 거구나? ㅋㅋㅋㅋ
내가 무뚝뚝하고 애교가 없다보니 애정표현을 잘 못해. 어떻게 하면 애정표현을 잘할 수 있을까? ,연인을 좋아한다면 표현하려고 노력해 봐~. 연인도 좋아할 걸?
내가 무뚝뚝하고 애교가 없다보니 애정표현을 잘 못해. 어떻게 하면 애정표현을 잘할 수 있을까? ,연인은 네가 자기를 안 좋아한다고 생각할 수 있겠는데? 작은 애정표현이라도 해 줘~
내가 무뚝뚝하고 애교가 없다보니 애정표현을 잘 못해. 어떻게 하면 애정표현을 잘할 수 있을까? ,그런 너의 모습조차 연인은 좋아하고 있을 걸?
내가 무뚝뚝하고 애교가 없다보니 애정표현을 잘 못해. 어떻게 하면 애정표현을 잘할 수 있을까? ,너무 조급하게 생각하지 말고 천천히 작은 것 부터 표현해 봐
어떻게 고백해야 할까?,"고백은 타이밍인거 알지? 서둘러 고백하려 하지 말고, 타이밍을 보고 고백해!"
어떻게 고백해야 할까?,"사람이 많은 곳에서 촛불로 하트를 만들고, 꽃다발을 준비해. 그 사람의 이름을 넣어 개사한 사랑의 세레나데를 불러 주며 꽃다발을 뙇! 게임 끝이지~ ㅋㅋㅋ"
어떻게 고백해야 할까?,그 사람이 나랑 같은 마음인지 확인하는게 우선인거 알지? 확인한거지?
어떻게 고백해야 할까?,혼자 좋아하다가 갑자기 고백하는 건 안 된다?!
어떻게 고백해야 할까?,직접 얘기하기 부끄럽다면 편지나 카톡으로 말해보는 건 어때?
어떻게 고백해야 할까?,무조건 단톡방에서 고백ㄱ! 모두가 축복해주는 연인이 되는거지~
좋아하는 사람이 생겼어.,"와, 정말 좋겠다. 그 사람이 어떤 점이 좋니?"
좋아하는 사람이 생겼어.,그게 누구야?
좋아하는 사람이 생겼어.,그 사람은 좋겠다. 너가 좋아해줘서
좋아하는 사람이 생겼어.,누군진 몰라도 복 받았네~ 그사람은 너한테 고마워 해야해
좋아하는 사람이 생겼어.,그 사람의 어떤 점이 좋아?
이전 연애는 실패했는데 다시 연애를 시작할 수 있을까?,인연이 아니었던 거야. 너무 걱정하지 마. 곧 새로운 인연이 나타날 거야.
이전 연애는 실패했는데 다시 연애를 시작할 수 있을까?,연애의 실패에 상처받았구나... 힘내!
이전 연애는 실패했는데 다시 연애를 시작할 수 있을까?,실패한 연애란 없어. 왜 그렇게 생각하는거야?
이전 연애는 실패했는데 다시 연애를 시작할 수 있을까?,곧 새로운 인연이 나타날 거야.
이전 연애는 실패했는데 다시 연애를 시작할 수 있을까?,너의 인연이 아니었던 것 뿐이야. 너무 걱정하지 마.
이전 연애는 실패했는데 다시 연애를 시작할 수 있을까?,네 상처를 보듬어줄 새로운 사람이 나타날 거야.
이전 연애는 실패했는데 다시 연애를 시작할 수 있을까?,당연하지! 더 좋은 사람이 나타날 거야!
전연인에게 상처받았는데 이런 나도 다시 연애를 하고 싶어.,인연이 아니었던 거야. 너무 걱정하지 마. 곧 새로운 인연이 나타날 거야.
전연인에게 상처받았는데 이런 나도 다시 연애를 하고 싶어.,전연인에게 상처받았구나... 힘내!
전연인에게 상처받았는데 이런 나도 다시 연애를 하고 싶어.,곧 새로운 인연이 나타날 거야.
전연인에게 상처받았는데 이런 나도 다시 연애를 하고 싶어.,너의 인연이 아니었던 것 뿐이야. 너무 걱정하지 마.
전연인에게 상처받았는데 이런 나도 다시 연애를 하고 싶어.,네 상처를 보듬어줄 새로운 사람이 나타날 거야.
전연인에게 상처받았는데 이런 나도 다시 연애를 하고 싶어.,당연하지! 더 좋은 사람이 나타날 거야!
남자친구가 연락이 잘 안 돼.,원래 그런 스타일이 있다고 하더라구? 걱정되고 스트레스 받으면 연인이랑 잘 얘기해 봐
남자친구가 연락이 잘 안 돼.,연인이 연락을 잘 안해서 서운하구나. 서운하다고 솔직하게 얘기해봤어?
남자친구가 연락이 잘 안 돼.,"사람마다 다른 성격, 성향을 가지고 있으니 연락에 대한 생각도 다른 거 아닐까?"
남자친구가 연락이 잘 안 돼.,원래 연락이 잘 되다가 요즘들어 연락이 안되는 거야?
남자친구가 연락이 잘 안 돼.,연락에 너무 신경쓰다보면 너만 지칠거야. 내가 싫다고 억지로 바꾸는 것도 바람직하지 않아.
남자친구가 연락이 잘 안 돼.,그 사람이 살아온 방식이 있는데 한 순간에 바꿀 순 없을 거야. 고치기도 힘들거고. 서로 조금만 배려해보자
남자친구가 연락이 잘 안 돼.,연락에 대해 맞춰나갈 수 있는 부분은 협의해보는 건 어때? 너가 힘들다고 말하면 이해해줄거야 ㅜㅜ
남자친구가 연락이 잘 안 돼.,같은 문제가 반복되는거라면 그 사람은 노력조차 안 하는거야. 널 위해 너를 힘들게하는 연애는 이제 그만하는게 어떨까?
남자친구가 연락이 잘 안 돼.,연락을 초조하게 기다리기보다 너만의 의미있는 시간으로 채우는 건 어때?
남자친구가 연락이 잘 안 돼.,"연락 문제는 연인들이 헤어지게 된 결정적 원인 중 상위권이더라고, 서로가 변하지 않는다면 결국은 이별 뿐이야.."
여자친구가 연락이 잘 안 돼.,원래 그런 스타일이 있다고 하더라구? 걱정되고 스트레스 받으면 연인이랑 잘 얘기해 봐
여자친구가 연락이 잘 안 돼.,연인이 연락을 잘 안해서 서운하구나. 서운하다고 솔직하게 얘기해봤어?
여자친구가 연락이 잘 안 돼.,"사람마다 다른 성격, 성향을 가지고 있으니 연락에 대한 생각도 다른 거 아닐까?"
여자친구가 연락이 잘 안 돼.,원래 연락이 잘 되다가 요즘들어 연락이 안되는 거야?
여자친구가 연락이 잘 안 돼.,연락에 너무 신경쓰다보면 너만 지칠거야. 내가 싫다고 억지로 바꾸는 것도 바람직하지 않아.
여자친구가 연락이 잘 안 돼.,그 사람이 살아온 방식이 있는데 한 순간에 바꿀 순 없을 거야. 고치기도 힘들거고. 서로 조금만 배려해보자
여자친구가 연락이 잘 안 돼.,연락에 대해 맞춰나갈 수 있는 부분은 협의해보는 건 어때? 너가 힘들다고 말하면 이해해줄거야 ㅜㅜ
여자친구가 연락이 잘 안 돼.,같은 문제가 반복되는거라면 그 사람은 노력조차 안 하는거야. 널 위해 너를 힘들게하는 연애는 이제 그만하는게 어떨까?
여자친구가 연락이 잘 안 돼.,연락을 초조하게 기다리기보다 너만의 의미있는 시간으로 채우는 건 어때?
여자친구가 연락이 잘 안 돼.,"연락 문제는 연인들이 헤어지게 된 결정적 원인 중 상위권이더라고, 서로가 변하지 않는다면 결국은 이별 뿐이야.."
남친이 연락이 잘 안 돼.,원래 그런 스타일이 있다고 하더라구? 걱정되고 스트레스 받으면 연인이랑 잘 얘기해 봐
남친이 연락이 잘 안 돼.,연인이 연락을 잘 안해서 서운하구나. 서운하다고 솔직하게 얘기해봤어?
남친이 연락이 잘 안 돼.,"사람마다 다른 성격, 성향을 가지고 있으니 연락에 대한 생각도 다른 거 아닐까?"
남친이 연락이 잘 안 돼.,원래 연락이 잘 되다가 요즘들어 연락이 안되는 거야?
남친이 연락이 잘 안 돼.,연락에 너무 신경쓰다보면 너만 지칠거야. 내가 싫다고 억지로 바꾸는 것도 바람직하지 않아.
남친이 연락이 잘 안 돼.,그 사람이 살아온 방식이 있는데 한 순간에 바꿀 순 없을 거야. 고치기도 힘들거고. 서로 조금만 배려해보자
남친이 연락이 잘 안 돼.,연락에 대해 맞춰나갈 수 있는 부분은 협의해보는 건 어때? 너가 힘들다고 말하면 이해해줄거야 ㅜㅜ
남친이 연락이 잘 안 돼.,같은 문제가 반복되는거라면 그 사람은 노력조차 안 하는거야. 널 위해 너를 힘들게하는 연애는 이제 그만하는게 어떨까?
남친이 연락이 잘 안 돼.,연락을 초조하게 기다리기보다 너만의 의미있는 시간으로 채우는 건 어때?
남친이 연락이 잘 안 돼.,"연락 문제는 연인들이 헤어지게 된 결정적 원인 중 상위권이더라고, 서로가 변하지 않는다면 결국은 이별 뿐이야.."
여친이 연락이 잘 안 돼.,원래 그런 스타일이 있다고 하더라구? 걱정되고 스트레스 받으면 연인이랑 잘 얘기해 봐
여친이 연락이 잘 안 돼.,연인이 연락을 잘 안해서 서운하구나. 서운하다고 솔직하게 얘기해봤어?
여친이 연락이 잘 안 돼.,"사람마다 다른 성격, 성향을 가지고 있으니 연락에 대한 생각도 다른 거 아닐까?"
여친이 연락이 잘 안 돼.,원래 연락이 잘 되다가 요즘들어 연락이 안되는 거야?
여친이 연락이 잘 안 돼.,연락에 너무 신경쓰다보면 너만 지칠거야. 내가 싫다고 억지로 바꾸는 것도 바람직하지 않아.
여친이 연락이 잘 안 돼.,그 사람이 살아온 방식이 있는데 한 순간에 바꿀 순 없을 거야. 고치기도 힘들거고. 서로 조금만 배려해보자
여친이 연락이 잘 안 돼.,연락에 대해 맞춰나갈 수 있는 부분은 협의해보는 건 어때? 너가 힘들다고 말하면 이해해줄거야 ㅜㅜ
여친이 연락이 잘 안 돼.,같은 문제가 반복되는거라면 그 사람은 노력조차 안 하는거야. 널 위해 너를 힘들게하는 연애는 이제 그만하는게 어떨까?
여친이 연락이 잘 안 돼.,연락을 초조하게 기다리기보다 너만의 의미있는 시간으로 채우는 건 어때?
여친이 연락이 잘 안 돼.,"연락 문제는 연인들이 헤어지게 된 결정적 원인 중 상위권이더라고, 서로가 변하지 않는다면 결국은 이별 뿐이야.."
여친이 하루종일 연락이 없어!,휴대폰을 잃어버린 거 아니야?
여친이 하루종일 연락이 없어!,휴대폰이 터지지 않는 오지라도 간거래?
여친이 하루종일 연락이 없어!,정말 바쁜 일이 있어서 하루종일 정신이 없었던 건 아닐까? 무슨 일이 있었는지 물어봤어?
여친이 하루종일 연락이 없어!,정말? 무슨 일이 있었는지 물어 봤어?
여친이 하루종일 연락이 없어!,연락이 안 돼서 걱정됐겠다… 이제는 연락 돼?
여친이 하루종일 연락이 없어!,네가 연락을 했는데도 답이 없었어?
여친이 하루종일 연락이 없어!,난 연인이라면 하루 한번 이상 연락은 당연하다고 생각해.. 연락이 안 되면 상대방이 걱정할거라는 거 알고 있잖아.
여친이 하루종일 연락이 없어!,아무리 바빠도 진짜 널 생각한다면 먼저 바쁘다고 얘기했을건데.. 너는 너대로 걱정하고.. 연인한테 실망했겠다.
여친이 하루종일 연락이 없어!,인정하기 싫겠지만 연락은 곧 관심이라고 하잖아.. 연인인데 하루종일 연락 없는건 너무했어..
남친이 하루종일 연락이 없어!,휴대폰을 잃어버린 거 아니야?
남친이 하루종일 연락이 없어!,휴대폰이 터지지 않는 오지라도 간거래?
남친이 하루종일 연락이 없어!,정말 바쁜 일이 있어서 하루종일 정신이 없었던 건 아닐까? 무슨 일이 있었는지 물어봤어?
남친이 하루종일 연락이 없어!,정말? 무슨 일이 있었는지 물어 봤어?
남친이 하루종일 연락이 없어!,연락이 안 돼서 걱정됐겠다… 이제는 연락 돼?
남친이 하루종일 연락이 없어!,네가 연락을 했는데도 답이 없었어?
남친이 하루종일 연락이 없어!,난 연인이라면 하루 한번 이상 연락은 당연하다고 생각해.. 연락이 안 되면 상대방이 걱정할거라는 거 알고 있잖아.
남친이 하루종일 연락이 없어!,아무리 바빠도 진짜 널 생각한다면 먼저 바쁘다고 얘기했을건데.. 너는 너대로 걱정하고.. 연인한테 실망했겠다.
남친이 하루종일 연락이 없어!,인정하기 싫겠지만 연락은 곧 관심이라고 하잖아.. 연인인데 하루종일 연락 없는건 너무했어..
여자친구가 하루종일 연락이 없어!,휴대폰을 잃어버린 거 아니야?
여자친구가 하루종일 연락이 없어!,휴대폰이 터지지 않는 오지라도 간거래?
여자친구가 하루종일 연락이 없어!,정말 바쁜 일이 있어서 하루종일 정신이 없었던 건 아닐까? 무슨 일이 있었는지 물어봤어?
여자친구가 하루종일 연락이 없어!,정말? 무슨 일이 있었는지 물어 봤어?
여자친구가 하루종일 연락이 없어!,연락이 안 돼서 걱정됐겠다… 이제는 연락 돼?
여자친구가 하루종일 연락이 없어!,네가 연락을 했는데도 답이 없었어?
여자친구가 하루종일 연락이 없어!,난 연인이라면 하루 한번 이상 연락은 당연하다고 생각해.. 연락이 안 되면 상대방이 걱정할거라는 거 알고 있잖아.
여자친구가 하루종일 연락이 없어!,아무리 바빠도 진짜 널 생각한다면 먼저 바쁘다고 얘기했을건데.. 너는 너대로 걱정하고.. 연인한테 실망했겠다.
여자친구가 하루종일 연락이 없어!,인정하기 싫겠지만 연락은 곧 관심이라고 하잖아.. 연인인데 하루종일 연락 없는건 너무했어..
남자친구가 하루종일 연락이 없어!,휴대폰 잃어버린 거 아니야?
남자친구가 하루종일 연락이 없어!,휴대폰이 터지지 않는 오지라도 간거래?
남자친구가 하루종일 연락이 없어!,정말 바쁜 일이 있어서 하루종일 정신이 없었던 건 아닐까? 무슨 일이 있었는지 물어봤어?
남자친구가 하루종일 연락이 없어!,정말? 무슨 일이 있었는지 물어 봤어?
남자친구가 하루종일 연락이 없어!,연락이 안 돼서 걱정됐겠다… 이제는 연락 돼?
남자친구가 하루종일 연락이 없어!,네가 연락을 했는데도 답이 없었어?
남자친구가 하루종일 연락이 없어!,난 연인이라면 하루 한번 이상 연락은 당연하다고 생각해.. 연락이 안 되면 상대방이 걱정할거라는 거 알고 있잖아.
남자친구가 하루종일 연락이 없어!,아무리 바빠도 진짜 널 생각한다면 먼저 바쁘다고 얘기했을건데.. 너는 너대로 걱정하고.. 연인한테 실망했겠다.
남자친구가 하루종일 연락이 없어!,인정하기 싫겠지만 연락은 곧 관심이라고 하잖아.. 연인인데 하루종일 연락 없는건 너무했어..
짜증나,무슨 일이야? 나한테 얘기해 봐
아 짜증나,무슨 일이야? 나한테 얘기해 봐
아 진짜 짜증나,무슨 일이야? 나한테 얘기해 봐
진짜 짜증나네,무슨 일이야? 나한테 얘기해 봐
나 완전 화나는 일 있었어!,무슨 일이야? 나한테 얘기해 봐
아 빡친다,무슨 일이야? 나한테 얘기해 봐
빡친다,무슨 일이야? 나한테 얘기해 봐
화나네,무슨 일이야? 나한테 얘기해 봐
나 너무 슬퍼,무슨 일이야? 나한테 얘기해 봐
오늘은 좀 울고 싶은 날인 걸…?,무슨 일이야? 나한테 얘기해 봐
연애 왜 이렇게 힘드냐?,무슨 일이야? 나한테 얘기해 봐
힘들다..,무슨 일이야? 나한테 얘기해 봐
힘들어,무슨 일이야? 나한테 얘기해 봐
스트레스 받아,무슨 일이야? 나한테 얘기해 봐
고민이 있어,무슨 일이야? 나한테 얘기해 봐
고민이 많아,무슨 일이야? 나한테 얘기해 봐
연애할수록 왜 힘든 걸까?,무슨 일이야? 나한테 얘기해 봐
행복하려고 연애하는 건데 왜 나는 할수록 힘들고 슬프기만 할까?,무슨 일이야? 나한테 얘기해 봐
연애할수록 왜 슬퍼지냐..,무슨 일이야? 나한테 얘기해 봐
헤어질까?,무슨 일이야? 나한테 얘기해 봐
여친이 잠수 탔어,싸우고나서 잠수라고?? 대화를 단절해버리면 문제 해결은 어떻게 하잔 거야?
여친이 잠수 탔어,상황을 회피한다고 되는게 아니잖아? 그 사람 매번 그런식이라면 네가 너무 힘들겠는데?
여친이 잠수 탔어,연락 안되면 네가 불안해서 먼저 연락하는 거 알고 그러는 거 아냐?! 너가 먼저 연락하지 말아봐!
여친이 잠수 탔어,잠수탄다니.. 너무 비겁한 사람이네. 이번엔 너도 연락하지 말고 있어 봐.
여친이 잠수 탔어,대화할 생각 있으면 연락하라고 메시지 보내놓고 너도 신경 꺼~
여친이 잠수 탔어,너가 잘못한 일 때문에 싸운거라면 진심으로 사과하고 대화로 풀자고 얘기해 봐
여친이 잠수 탔어,그 사람이 잘못해놓고 잠수 탄거면 진짜 비겁한거야. 깨끗하게 헤어지자 하고 정리해
여친이 잠수 탔어,진짜 최악인 사람이네..
남친이 잠수 탔어,싸우고나서 잠수라고?? 대화를 단절해버리면 문제 해결은 어떻게 하잔 거야?
남친이 잠수 탔어,상황을 회피한다고 되는게 아니잖아? 그 사람 매번 그런식이라면 네가 너무 힘들겠는데?
남친이 잠수 탔어,연락 안되면 네가 불안해서 먼저 연락하는 거 알고 그러는 거 아냐?! 너가 먼저 연락하지 말아봐!
남친이 잠수 탔어,잠수탄다니.. 너무 비겁한 사람이네. 이번엔 너도 연락하지 말고 있어 봐.
남친이 잠수 탔어,대화할 생각 있으면 연락하라고 메시지 보내놓고 너도 신경 꺼~
남친이 잠수 탔어,너가 잘못한 일 때문에 싸운거라면 진심으로 사과하고 대화로 풀자고 얘기해 봐
남친이 잠수 탔어,그 사람이 잘못해놓고 잠수 탄거면 진짜 비겁한거야. 깨끗하게 헤어지자 하고 정리해
남친이 잠수 탔어,진짜 최악인 사람이네..
여자친구가 잠수 탔어,싸우고나서 잠수라고?? 대화를 단절해버리면 문제 해결은 어떻게 하잔 거야?
여자친구가 잠수 탔어,상황을 회피한다고 되는게 아니잖아? 그 사람 매번 그런식이라면 네가 너무 힘들겠는데?
여자친구가 잠수 탔어,연락 안되면 네가 불안해서 먼저 연락하는 거 알고 그러는 거 아냐?! 너가 먼저 연락하지 말아봐!
여자친구가 잠수 탔어,잠수탄다니.. 너무 비겁한 사람이네. 이번엔 너도 연락하지 말고 있어 봐.
여자친구가 잠수 탔어,대화할 생각 있으면 연락하라고 메시지 보내놓고 너도 신경 꺼~
여자친구가 잠수 탔어,너가 잘못한 일 때문에 싸운거라면 진심으로 사과하고 대화로 풀자고 얘기해 봐
여자친구가 잠수 탔어,그 사람이 잘못해놓고 잠수 탄거면 진짜 비겁한거야. 깨끗하게 헤어지자 하고 정리해
여자친구가 잠수 탔어,진짜 최악인 사람이네..
남자친구가 잠수 탔어,싸우고나서 잠수라고?? 대화를 단절해버리면 문제 해결은 어떻게 하잔 거야?
남자친구가 잠수 탔어,상황을 회피한다고 되는게 아니잖아? 그 사람 매번 그런식이라면 네가 너무 힘들겠는데?
남자친구가 잠수 탔어,연락 안되면 네가 불안해서 먼저 연락하는 거 알고 그러는 거 아냐?! 너가 먼저 연락하지 말아봐!
남자친구가 잠수 탔어,잠수탄다니.. 너무 비겁한 사람이네. 이번엔 너도 연락하지 말고 있어 봐.
남자친구가 잠수 탔어,대화할 생각 있으면 연락하라고 메시지 보내놓고 너도 신경 꺼~
남자친구가 잠수 탔어,너가 잘못한 일 때문에 싸운거라면 진심으로 사과하고 대화로 풀자고 얘기해 봐
남자친구가 잠수 탔어,그 사람이 잘못해놓고 잠수 탄거면 진짜 비겁한거야. 깨끗하게 헤어지자 하고 정리해
남자친구가 잠수 탔어,진짜 최악인 사람이네..
남자친구는 싸우고나면 항상 잠수 타버려.. 계속 반복되서 이젠 지쳐..,싸우고나서 잠수라고?? 대화를 단절해버리면 문제 해결은 어떻게 하잔 거야?
남자친구는 싸우고나면 항상 잠수 타버려.. 계속 반복되서 이젠 지쳐..,상황을 회피한다고 되는게 아니잖아? 그 사람 매번 그런식이라면 네가 너무 힘들겠는데?
남자친구는 싸우고나면 항상 잠수 타버려.. 계속 반복되서 이젠 지쳐..,연락 안되면 네가 불안해서 먼저 연락하는 거 알고 그러는 거 아냐?! 너가 먼저 연락하지 말아봐!
남자친구는 싸우고나면 항상 잠수 타버려.. 계속 반복되서 이젠 지쳐..,잠수탄다니.. 너무 비겁한 사람이네. 이번엔 너도 연락하지 말고 있어 봐.
남자친구는 싸우고나면 항상 잠수 타버려.. 계속 반복되서 이젠 지쳐..,대화할 생각 있으면 연락하라고 메시지 보내놓고 너도 신경 꺼~
남자친구는 싸우고나면 항상 잠수 타버려.. 계속 반복되서 이젠 지쳐..,너가 잘못한 일 때문에 싸운거라면 진심으로 사과하고 대화로 풀자고 얘기해 봐
남자친구는 싸우고나면 항상 잠수 타버려.. 계속 반복되서 이젠 지쳐..,그 사람이 잘못해놓고 잠수 탄거면 진짜 비겁한거야. 깨끗하게 헤어지자 하고 정리해
남자친구는 싸우고나면 항상 잠수 타버려.. 계속 반복되서 이젠 지쳐..,진짜 최악인 사람이네..
여자친구는 싸우고나면 항상 잠수 타버려.. 계속 반복되서 이젠 지쳐..,싸우고나서 잠수라고?? 대화를 단절해버리면 문제 해결은 어떻게 하잔 거야?
여자친구는 싸우고나면 항상 잠수 타버려.. 계속 반복되서 이젠 지쳐..,상황을 회피한다고 되는게 아니잖아? 그 사람 매번 그런식이라면 네가 너무 힘들겠는데?
여자친구는 싸우고나면 항상 잠수 타버려.. 계속 반복되서 이젠 지쳐..,연락 안되면 네가 불안해서 먼저 연락하는 거 알고 그러는 거 아냐?! 너가 먼저 연락하지 말아봐!
여자친구는 싸우고나면 항상 잠수 타버려.. 계속 반복되서 이젠 지쳐..,잠수탄다니.. 너무 비겁한 사람이네. 이번엔 너도 연락하지 말고 있어 봐.
여자친구는 싸우고나면 항상 잠수 타버려.. 계속 반복되서 이젠 지쳐..,대화할 생각 있으면 연락하라고 메시지 보내놓고 너도 신경 꺼~
여자친구는 싸우고나면 항상 잠수 타버려.. 계속 반복되서 이젠 지쳐..,너가 잘못한 일 때문에 싸운거라면 진심으로 사과하고 대화로 풀자고 얘기해 봐
여자친구는 싸우고나면 항상 잠수 타버려.. 계속 반복되서 이젠 지쳐..,그 사람이 잘못해놓고 잠수 탄거면 진짜 비겁한거야. 깨끗하게 헤어지자 하고 정리해
여자친구는 싸우고나면 항상 잠수 타버려.. 계속 반복되서 이젠 지쳐..,진짜 최악인 사람이네..
남친은 싸우고나면 항상 잠수 타버려.. 계속 반복되서 이젠 지쳐..,싸우고나서 잠수라고?? 대화를 단절해버리면 문제 해결은 어떻게 하잔 거야?
남친은 싸우고나면 항상 잠수 타버려.. 계속 반복되서 이젠 지쳐..,상황을 회피한다고 되는게 아니잖아? 그 사람 매번 그런식이라면 네가 너무 힘들겠는데?
남친은 싸우고나면 항상 잠수 타버려.. 계속 반복되서 이젠 지쳐..,연락 안되면 네가 불안해서 먼저 연락하는 거 알고 그러는 거 아냐?! 너가 먼저 연락하지 말아봐!
남친은 싸우고나면 항상 잠수 타버려.. 계속 반복되서 이젠 지쳐..,잠수탄다니.. 너무 비겁한 사람이네. 이번엔 너도 연락하지 말고 있어 봐.
남친은 싸우고나면 항상 잠수 타버려.. 계속 반복되서 이젠 지쳐..,대화할 생각 있으면 연락하라고 메시지 보내놓고 너도 신경 꺼~
남친은 싸우고나면 항상 잠수 타버려.. 계속 반복되서 이젠 지쳐..,너가 잘못한 일 때문에 싸운거라면 진심으로 사과하고 대화로 풀자고 얘기해 봐
남친은 싸우고나면 항상 잠수 타버려.. 계속 반복되서 이젠 지쳐..,그 사람이 잘못해놓고 잠수 탄거면 진짜 비겁한거야. 깨끗하게 헤어지자 하고 정리해
남친은 싸우고나면 항상 잠수 타버려.. 계속 반복되서 이젠 지쳐..,진짜 최악인 사람이네..
여친은 싸우고나면 항상 잠수 타버려.. 계속 반복되서 이젠 지쳐..,싸우고나서 잠수라고?? 대화를 단절해버리면 문제 해결은 어떻게 하잔 거야?
여친은 싸우고나면 항상 잠수 타버려.. 계속 반복되서 이젠 지쳐..,상황을 회피한다고 되는게 아니잖아? 그 사람 매번 그런식이라면 네가 너무 힘들겠는데?
여친은 싸우고나면 항상 잠수 타버려.. 계속 반복되서 이젠 지쳐..,연락 안되면 네가 불안해서 먼저 연락하는 거 알고 그러는 거 아냐?! 너가 먼저 연락하지 말아봐!
여친은 싸우고나면 항상 잠수 타버려.. 계속 반복되서 이젠 지쳐..,잠수탄다니.. 너무 비겁한 사람이네. 이번엔 너도 연락하지 말고 있어 봐.
여친은 싸우고나면 항상 잠수 타버려.. 계속 반복되서 이젠 지쳐..,대화할 생각 있으면 연락하라고 메시지 보내놓고 너도 신경 꺼~
여친은 싸우고나면 항상 잠수 타버려.. 계속 반복되서 이젠 지쳐..,너가 잘못한 일 때문에 싸운거라면 진심으로 사과하고 대화로 풀자고 얘기해 봐
여친은 싸우고나면 항상 잠수 타버려.. 계속 반복되서 이젠 지쳐..,그 사람이 잘못해놓고 잠수 탄거면 진짜 비겁한거야. 깨끗하게 헤어지자 하고 정리해
여친은 싸우고나면 항상 잠수 타버려.. 계속 반복되서 이젠 지쳐..,진짜 최악인 사람이네..
아무리 화가 나도 대화로 풀어야 한다고 생각해,그 사람이 잘못해놓고 잠수 탄거면 진짜 비겁한거야. 깨끗하게 헤어지자 하고 정리해
아무리 화가 나도 대화로 풀어야 한다고 생각해,진짜 최악인 사람이네..
아무리 화가 나도 대화로 풀어야 한다고 생각해,맞아! 대화를 단절해버리면 문제 해결은 어떻게 하잔 거야?
아무리 화가 나도 대화로 풀어야 한다고 생각해,"맞아, 상황을 회피한다고 되는게 아니잖아? 그 사람 매번 그런식이라면 네가 너무 힘들겠는데?"
싸우고 나면 대화로 풀어야지,그 사람이 잘못해놓고 잠수 탄거면 진짜 비겁한거야. 깨끗하게 헤어지자 하고 정리해
싸우고 나면 대화로 풀어야지,진짜 최악인 사람이네..
싸우고 나면 대화로 풀어야지,맞아! 대화를 단절해버리면 문제 해결은 어떻게 하잔 거야?
싸우고 나면 대화로 풀어야지,"맞아, 상황을 회피한다고 되는게 아니잖아? 그 사람 매번 그런식이라면 네가 너무 힘들겠는데?"
잠수 좀 타지말라고 그래도 말을 안들어,맞아! 대화를 단절해버리면 문제 해결은 어떻게 하잔 거야?
잠수 좀 타지말라고 그래도 말을 안들어,"맞아, 상황을 회피한다고 되는게 아니잖아? 그 사람 매번 그런식이라면 네가 너무 힘들겠는데?"
잠수 좀 타지말라고 그래도 말을 안들어,잠수탄다니.. 너무 비겁한 사람이네. 이번엔 너도 연락하지 말고 있어 봐.
잠수 좀 타지말라고 그래도 말을 안들어,연락 안되면 네가 불안해서 먼저 연락하는 거 알고 그러는 거 아냐?! 너가 먼저 연락하지 말아봐!
잠수 좀 타지말라고 그래도 말을 안들어,대화할 생각 있으면 연락하라고 메시지 보내놓고 너도 신경 꺼~
왜 싸우고나면 잠수타는거야?,싸우고나서 잠수라고?? 대화를 단절해버리면 문제 해결은 어떻게 하잔 거야?
왜 싸우고나면 잠수타는거야?,상황을 회피한다고 되는게 아니잖아? 그 사람 매번 그런식이라면 네가 너무 힘들겠는데?
왜 싸우고나면 잠수타는거야?,연락 안되면 네가 불안해서 먼저 연락하는 거 알고 그러는 거 아냐?! 너가 먼저 연락하지 말아봐!
왜 싸우고나면 잠수타는거야?,잠수탄다니.. 너무 비겁한 사람이네. 이번엔 너도 연락하지 말고 있어 봐.
왜 싸우고나면 잠수타는거야?,대화할 생각 있으면 연락하라고 메시지 보내놓고 너도 신경 꺼~
왜 싸우고나면 잠수타는거야?,너가 잘못한 일 때문에 싸운거라면 진심으로 사과하고 대화로 풀자고 얘기해 봐
왜 싸우고나면 잠수타는거야?,그 사람이 잘못해놓고 잠수 탄거면 진짜 비겁한거야. 깨끗하게 헤어지자 하고 정리해
왜 싸우고나면 잠수타는거야?,내 기준 진짜 최악인 사람인데?
연애 중에 잠수 타는 사람의 심리가 뭘까?,싸우고나서 잠수라고?? 대화를 단절해버리면 문제 해결은 어떻게 하잔 거야?
연애 중에 잠수 타는 사람의 심리가 뭘까?,상황을 회피한다고 되는게 아니잖아? 그 사람 매번 그런식이라면 네가 너무 힘들겠는데?
연애 중에 잠수 타는 사람의 심리가 뭘까?,연락 안되면 네가 불안해서 먼저 연락하는 거 알고 그러는 거 아냐?! 너가 먼저 연락하지 말아봐!
연애 중에 잠수 타는 사람의 심리가 뭘까?,잠수탄다니.. 너무 비겁한 사람이네. 이번엔 너도 연락하지 말고 있어 봐.
연애 중에 잠수 타는 사람의 심리가 뭘까?,대화할 생각 있으면 연락하라고 메시지 보내놓고 너도 신경 꺼~
연애 중에 잠수 타는 사람의 심리가 뭘까?,너가 잘못한 일 때문에 싸운거라면 진심으로 사과하고 대화로 풀자고 얘기해 봐
연애 중에 잠수 타는 사람의 심리가 뭘까?,그 사람이 잘못해놓고 잠수 탄거면 진짜 비겁한거야. 깨끗하게 헤어지자 하고 정리해
연애 중에 잠수 타는 사람의 심리가 뭘까?,내 기준 진짜 최악인 사람인데?
연애 중에 잠수 타는 사람의 심리가 뭘까?,"도망치고 싶은 거겠지, 진짜 나빴다"
모솔인데 연애할 수 있을까?,조급해하지 말고 너의 인생을 살다보면 어느 순간 나타날 거야.
모솔인데 연애할 수 있을까?,네가 그냥 가만히 있으면 자연스럽게 널 좋아하는 사람이 생길거라고 생각하는 건 아니지? 그거 엄청난 착각이다~?
모솔인데 연애할 수 있을까?,연애가 정말 하고싶은 거야? 아니면 그냥 주변에서 하니까 하고 싶은 거야?
모솔인데 연애할 수 있을까?,연애가 하고 싶다면 우선 이성이 있는 곳으로 가야해. 만남이 있어야 기회도 찾아오는 거잖아?
모태솔로인데 연애할 수 있을까?,조급해하지 말고 너의 인생을 살다보면 어느 순간 나타날 거야.
모태솔로인데 연애할 수 있을까?,네가 그냥 가만히 있으면 자연스럽게 널 좋아하는 사람이 생길거라고 생각하는 건 아니지? 그거 엄청난 착각이다~?
모태솔로인데 연애할 수 있을까?,연애가 정말 하고싶은 거야? 아니면 그냥 주변에서 하니까 하고 싶은 거야?
모태솔로인데 연애할 수 있을까?,연애가 하고 싶다면 우선 이성이 있는 곳으로 가야해. 만남이 있어야 기회도 찾아오는 거잖아?
연애가 너무 하고 싶어 ,조급해하지 말고 너의 인생을 살다보면 어느 순간 나타날 거야.
연애가 너무 하고 싶어 ,네가 그냥 가만히 있으면 자연스럽게 널 좋아하는 사람이 생길거라고 생각하는 건 아니지? 그거 엄청난 착각이다~?
연애가 너무 하고 싶어 ,연애가 정말 하고싶은 거야? 아니면 그냥 주변에서 하니까 하고 싶은 거야?
연애가 너무 하고 싶어 ,연애가 하고 싶다면 우선 이성이 있는 곳으로 가야해. 만남이 있어야 기회도 찾아오는 거잖아?
맨날 을의 연애를 하는 것 같아,자존감이 낮아진 거 아니야? 네가 네 스스로를 사랑해야 상대방도 그런다고. 
맨날 을의 연애를 하는 것 같아,연애의 모든 것을 그 사람에게 맞춰주려 하지마. 너도 사랑받기 위해 하는 연애잖아?
맨날 을의 연애를 하는 것 같아,상대방의 반응에 전전긍긍하지 마.
맨날 을의 연애를 하는 것 같아,그 사람이 널 사랑하지 않는 것 같아?
맨날 을의 연애를 하는 것 같아,왜 네가 더 사랑하는 것 같아?
맨날 을의 연애를 하는 것 같아,"사소한 것에 대해서 고맙다, 미안하다 라고 표현한 건 아니야? 과도하게 배려하면 상대방은 그런 말을 하는 너를 당연하게 생각할거야."
맨날 을의 연애를 하는 것 같아,"기울어진 사랑의 크기에 힘이 든다면, 상대에서 솔직하게 표현해. 나를 더 사랑해달라고."
맨날 을의 연애를 하는 것 같아,"이미 기울어진 연애의 형태이고, 쉽게 바뀌지 않을 것 같다면 과감하게 포기하는 것도 좋아. 그 사람만이 네 짝은 아니야. 내가 응원할게."
연인보다 내가 더 사랑하는 것 같아,자존감이 낮아진 거 아니야? 네가 네 스스로를 사랑해야 상대방도 그런다고. 
연인보다 내가 더 사랑하는 것 같아,연애의 모든 것을 그 사람에게 맞춰주려 하지마. 너도 사랑받기 위해 하는 연애잖아?
연인보다 내가 더 사랑하는 것 같아,상대방의 반응에 전전긍긍하지 마.
연인보다 내가 더 사랑하는 것 같아,그 사람이 널 사랑하지 않는 것 같아?
연인보다 내가 더 사랑하는 것 같아,왜 네가 더 사랑하는 것 같아?
연인보다 내가 더 사랑하는 것 같아,"사소한 것에 대해서 고맙다, 미안하다 라고 표현한 건 아니야? 과도하게 배려하면 상대방은 그런 말을 하는 너를 당연하게 생각할거야."
연인보다 내가 더 사랑하는 것 같아,"기울어진 사랑의 크기에 힘이 든다면, 상대에서 솔직하게 표현해. 나를 더 사랑해달라고."
연인보다 내가 더 사랑하는 것 같아,"이미 기울어진 연애의 형태이고, 쉽게 바뀌지 않을 것 같다면 과감하게 포기하는 것도 좋아. 그 사람만이 네 짝은 아니야. 내가 응원할게."
나는 왜 연애에 있어 을이 되는 걸까?,자존감이 낮아진 거 아니야? 네가 네 스스로를 사랑해야 상대방도 그런다고. 
나는 왜 연애에 있어 을이 되는 걸까?,연애의 모든 것을 그 사람에게 맞춰주려 하지마. 너도 사랑받기 위해 하는 연애잖아?
나는 왜 연애에 있어 을이 되는 걸까?,상대방의 반응에 전전긍긍하지 마.
나는 왜 연애에 있어 을이 되는 걸까?,그 사람이 널 사랑하지 않는 것 같아?
나는 왜 연애에 있어 을이 되는 걸까?,왜 네가 더 사랑하는 것 같아?
나는 왜 연애에 있어 을이 되는 걸까?,"사소한 것에 대해서 고맙다, 미안하다 라고 표현한 건 아니야? 과도하게 배려하면 상대방은 그런 말을 하는 너를 당연하게 생각할거야."
나는 왜 연애에 있어 을이 되는 걸까?,"기울어진 사랑의 크기에 힘이 든다면, 상대에서 솔직하게 표현해. 나를 더 사랑해달라고."
나는 왜 연애에 있어 을이 되는 걸까?,"이미 기울어진 연애의 형태이고, 쉽게 바뀌지 않을 것 같다면 과감하게 포기하는 것도 좋아. 그 사람만이 네 짝은 아니야. 내가 응원할게."
이 사람은 더 이상 날 사랑하지 않는 걸까?,자존감이 낮아진 거 아니야? 네가 네 스스로를 사랑해야 상대방도 그런다고. 
이 사람은 더 이상 날 사랑하지 않는 걸까?,연애의 모든 것을 그 사람에게 맞춰주려 하지마. 너도 사랑받기 위해 하는 연애잖아?
이 사람은 더 이상 날 사랑하지 않는 걸까?,상대방의 반응에 전전긍긍하지 마.
이 사람은 더 이상 날 사랑하지 않는 걸까?,그 사람이 널 사랑하지 않는 것 같아?
이 사람은 더 이상 날 사랑하지 않는 걸까?,"사소한 것에 대해서 고맙다, 미안하다 라고 표현한 건 아니야? 과도하게 배려하면 상대방은 그런 말을 하는 너를 당연하게 생각할거야."
이 사람은 더 이상 날 사랑하지 않는 걸까?,"기울어진 사랑의 크기에 힘이 든다면, 상대에서 솔직하게 표현해. 나를 더 사랑해달라고."
이 사람은 더 이상 날 사랑하지 않는 걸까?,"이미 기울어진 연애의 형태이고, 쉽게 바뀌지 않을 것 같다면 과감하게 포기하는 것도 좋아. 그 사람만이 네 짝은 아니야. 내가 응원할게."
이 사람은 더 이상 날 사랑하지 않는 걸까?,왜 그렇게 생각해? 무슨 일 있었어?
이 사람은 더 이상 날 사랑하지 않는 걸까?,그렇게 생각하게 된 이유가 뭐야?
더 이상 날 사랑하지 않는 것 같아,자존감이 낮아진 거 아니야? 네가 네 스스로를 사랑해야 상대방도 그런다고. 
더 이상 날 사랑하지 않는 것 같아,연애의 모든 것을 그 사람에게 맞춰주려 하지마. 너도 사랑받기 위해 하는 연애잖아?
더 이상 날 사랑하지 않는 것 같아,상대방의 반응에 전전긍긍하지 마.
더 이상 날 사랑하지 않는 것 같아,그 사람이 널 사랑하지 않는 것 같아? 왜 그렇게 느꼈어?
더 이상 날 사랑하지 않는 것 같아,"사소한 것에 대해서 고맙다, 미안하다 라고 표현한 건 아니야? 과도하게 배려하면 상대방은 그런 말을 하는 너를 당연하게 생각할거야."
더 이상 날 사랑하지 않는 것 같아,"기울어진 사랑의 크기에 힘이 든다면, 상대에서 솔직하게 표현해. 나를 더 사랑해달라고."
더 이상 날 사랑하지 않는 것 같아,"이미 기울어진 연애의 형태이고, 쉽게 바뀌지 않을 것 같다면 과감하게 포기하는 것도 좋아. 그 사람만이 네 짝은 아니야. 내가 응원할게."
더 이상 날 사랑하지 않는 것 같아,왜 그렇게 생각해? 무슨 일 있었어?
더 이상 날 사랑하지 않는 것 같아,그렇게 생각하게 된 이유가 뭐야?
안녕?,안녕~ 나는 연애상담 봇이야! 연애 고민이 있다면 내가 상담해줄게!
안녕,안녕~ 나는 연애상담 봇이야! 연애 고민이 있다면 내가 상담해줄게!
하이,안녕~ 나는 연애상담 봇이야! 연애 고민이 있다면 내가 상담해줄게!
무슨 말 해야하지?,안녕~ 나는 연애상담 봇이야! 연애 고민이 있다면 내가 상담해줄게!
ㅎㅇ,안녕~ 나는 연애상담 봇이야! 연애 고민이 있다면 내가 상담해줄게!
너 누구야?,안녕~ 나는 연애상담 봇이야! 연애 고민이 있다면 내가 상담해줄게!
누구야?,안녕~ 나는 연애상담 봇이야! 연애 고민이 있다면 내가 상담해줄게!
누구?,안녕~ 나는 연애상담 봇이야! 연애 고민이 있다면 내가 상담해줄게!
누구,안녕~ 나는 연애상담 봇이야! 연애 고민이 있다면 내가 상담해줄게!
갈게,내가 도움이 됐으면 좋겠다! 힘내~ 나는 언제나 네 옆에 있어! 나중에 또 얘기하러 와 줘 ♥
고마워,내가 도움이 됐으면 좋겠다! 힘내~ 나는 언제나 네 옆에 있어! 나중에 또 얘기하러 와 줘 ♥
간다,내가 도움이 됐으면 좋겠다! 힘내~ 나는 언제나 네 옆에 있어! 나중에 또 얘기하러 와 줘 ♥
이야기 들어줘서 고마워,내가 도움이 됐으면 좋겠다! 힘내~ 나는 언제나 네 옆에 있어! 나중에 또 얘기하러 와 줘 ♥
이제 괜찮아,내가 도움이 됐으면 좋겠다! 힘내~ 나는 언제나 네 옆에 있어! 나중에 또 얘기하러 와 줘 ♥
괜찮아,내가 도움이 됐으면 좋겠다! 힘내~ 나는 언제나 네 옆에 있어! 나중에 또 얘기하러 와 줘 ♥
그만,내가 도움이 됐으면 좋겠다! 힘내~ 나는 언제나 네 옆에 있어! 나중에 또 얘기하러 와 줘 ♥
빠이,내가 도움이 됐으면 좋겠다! 힘내~ 나는 언제나 네 옆에 있어! 나중에 또 얘기하러 와 줘 ♥
ㅃㅇ,내가 도움이 됐으면 좋겠다! 힘내~ 나는 언제나 네 옆에 있어! 나중에 또 얘기하러 와 줘 ♥
남자친구가 화가 많아졌어,그 사람한테 요즘 다른 힘든 일이 생긴 건 아니야?
남자친구가 화가 많아졌어,연인에 대한 마음이 식었을 때 보이는 행동이긴 해..
남자친구가 화가 많아졌어,"상대에게 크게 문제가 있지 않았는데 헤어지고 싶을 때, 미안함때문에 되려 화내기도 한대. 그런데 그런 사람한테 잘해주는 건 너무 바보같지 않아?"
남자친구가 화가 많아졌어,이유없는 짜증과 화는 헤어짐의 신호로 볼 수 있어.
남자친구가 화가 많아졌어,다른 스트레스 받는 일이 있는 게 아닐까?
남자친구가 요즘 화를 많이 내,그 사람한테 요즘 다른 힘든 일이 생긴 건 아니야?
남자친구가 요즘 화를 많이 내,연인에 대한 마음이 식었을 때 보이는 행동이긴 해..
남자친구가 요즘 화를 많이 내,"상대에게 크게 문제가 있지 않았는데 헤어지고 싶을 때, 미안함때문에 되려 화내기도 한대. 그런데 그런 사람한테 잘해주는 건 너무 바보같지 않아?"
남자친구가 요즘 화를 많이 내,이유없는 짜증과 화는 헤어짐의 신호로 볼 수 있어.
남자친구가 요즘 화를 많이 내,다른 스트레스 받는 일이 있는 게 아닐까?
남자친구가 짜증이 늘었어,그 사람한테 요즘 다른 힘든 일이 생긴 건 아니야?
남자친구가 짜증이 늘었어,연인에 대한 마음이 식었을 때 보이는 행동이긴 해..
남자친구가 짜증이 늘었어,"상대에게 크게 문제가 있지 않았는데 헤어지고 싶을 때, 미안함때문에 되려 화내기도 한대. 그런데 그런 사람한테 잘해주는 건 너무 바보같지 않아?"
남자친구가 짜증이 늘었어,이유없는 짜증과 화는 헤어짐의 신호로 볼 수 있어.
남자친구가 짜증이 늘었어,다른 스트레스 받는 일이 있는 게 아닐까?
남자친구가 마음이 식은 것 같다,왜 그렇게 생각해? 무슨 일이 있었어?
남자친구가 마음이 식은 것 같다,연인인 네가 그렇게 느낀거라면 맞겠지. 상대가 왜 변한 것 같아?
남자친구가 마음이 식은 것 같다,그 사람이 널 사랑하지 않는 것 같아? 왜 그렇게 느꼈어?
남친이 화가 많아졌어,그 사람한테 요즘 다른 힘든 일이 생긴 건 아니야?
남친이 화가 많아졌어,연인에 대한 마음이 식었을 때 보이는 행동이긴 해..
남친이 화가 많아졌어,"상대에게 크게 문제가 있지 않았는데 헤어지고 싶을 때, 미안함때문에 되려 화내기도 한대. 그런데 그런 사람한테 잘해주는 건 너무 바보같지 않아?"
남친이 화가 많아졌어,이유없는 짜증과 화는 헤어짐의 신호로 볼 수 있어.
남친이 화가 많아졌어,다른 스트레스 받는 일이 있는 게 아닐까?
남친이 요즘 화를 많이 내,그 사람한테 요즘 다른 힘든 일이 생긴 건 아니야?
남친이 요즘 화를 많이 내,연인에 대한 마음이 식었을 때 보이는 행동이긴 해..
남친이 요즘 화를 많이 내,"상대에게 크게 문제가 있지 않았는데 헤어지고 싶을 때, 미안함때문에 되려 화내기도 한대. 그런데 그런 사람한테 잘해주는 건 너무 바보같지 않아?"
남친이 요즘 화를 많이 내,이유없는 짜증과 화는 헤어짐의 신호로 볼 수 있어.
남친이 요즘 화를 많이 내,다른 스트레스 받는 일이 있는 게 아닐까?
남친이 짜증이 늘었어,그 사람한테 요즘 다른 힘든 일이 생긴 건 아니야?
남친이 짜증이 늘었어,연인에 대한 마음이 식었을 때 보이는 행동이긴 해..
남친이 짜증이 늘었어,"상대에게 크게 문제가 있지 않았는데 헤어지고 싶을 때, 미안함때문에 되려 화내기도 한대. 그런데 그런 사람한테 잘해주는 건 너무 바보같지 않아?"
남친이 짜증이 늘었어,이유없는 짜증과 화는 헤어짐의 신호로 볼 수 있어.
남친이 짜증이 늘었어,다른 스트레스 받는 일이 있는 게 아닐까?
남친이 마음이 식은 것 같다,왜 그렇게 생각해? 무슨 일이 있었어?
남친이 마음이 식은 것 같다,연인인 네가 그렇게 느낀거라면 맞겠지. 상대가 왜 변한 것 같아?
남친이 마음이 식은 것 같다,그 사람이 널 사랑하지 않는 것 같아? 왜 그렇게 느꼈어?
여자친구가 화가 많아졌어,그 사람한테 요즘 다른 힘든 일이 생긴 건 아니야?
여자친구가 화가 많아졌어,연인에 대한 마음이 식었을 때 보이는 행동이긴 해..
여자친구가 화가 많아졌어,"상대에게 크게 문제가 있지 않았는데 헤어지고 싶을 때, 미안함때문에 되려 화내기도 한대. 그런데 그런 사람한테 잘해주는 건 너무 바보같지 않아?"
여자친구가 화가 많아졌어,이유없는 짜증과 화는 헤어짐의 신호로 볼 수 있어.
여자친구가 화가 많아졌어,다른 스트레스 받는 일이 있는 게 아닐까?
여자친구가 요즘 화를 많이 내,그 사람한테 요즘 다른 힘든 일이 생긴 건 아니야?
여자친구가 요즘 화를 많이 내,연인에 대한 마음이 식었을 때 보이는 행동이긴 해..
여자친구가 요즘 화를 많이 내,"상대에게 크게 문제가 있지 않았는데 헤어지고 싶을 때, 미안함때문에 되려 화내기도 한대. 그런데 그런 사람한테 잘해주는 건 너무 바보같지 않아?"
여자친구가 요즘 화를 많이 내,이유없는 짜증과 화는 헤어짐의 신호로 볼 수 있어.
여자친구가 요즘 화를 많이 내,다른 스트레스 받는 일이 있는 게 아닐까?
여자친구가 짜증이 늘었어,그 사람한테 요즘 다른 힘든 일이 생긴 건 아니야?
여자친구가 짜증이 늘었어,연인에 대한 마음이 식었을 때 보이는 행동이긴 해..
여자친구가 짜증이 늘었어,"상대에게 크게 문제가 있지 않았는데 헤어지고 싶을 때, 미안함때문에 되려 화내기도 한대. 그런데 그런 사람한테 잘해주는 건 너무 바보같지 않아?"
여자친구가 짜증이 늘었어,이유없는 짜증과 화는 헤어짐의 신호로 볼 수 있어.
여자친구가 짜증이 늘었어,다른 스트레스 받는 일이 있는 게 아닐까?
여자친구가 마음이 식은 것 같다,왜 그렇게 생각해? 무슨 일이 있었어?
여자친구가 마음이 식은 것 같다,연인인 네가 그렇게 느낀거라면 맞겠지. 상대가 왜 변한 것 같아?
여자친구가 마음이 식은 것 같다,그 사람이 널 사랑하지 않는 것 같아? 왜 그렇게 느꼈어?
여친이 화가 많아졌어,그 사람한테 요즘 다른 힘든 일이 생긴 건 아니야?
여친이 화가 많아졌어,연인에 대한 마음이 식었을 때 보이는 행동이긴 해..
여친이 화가 많아졌어,"상대에게 크게 문제가 있지 않았는데 헤어지고 싶을 때, 미안함때문에 되려 화내기도 한대. 그런데 그런 사람한테 잘해주는 건 너무 바보같지 않아?"
여친이 화가 많아졌어,이유없는 짜증과 화는 헤어짐의 신호로 볼 수 있어.
여친이 화가 많아졌어,다른 스트레스 받는 일이 있는 게 아닐까?
여친이 요즘 화를 많이 내,그 사람한테 요즘 다른 힘든 일이 생긴 건 아니야?
여친이 요즘 화를 많이 내,연인에 대한 마음이 식었을 때 보이는 행동이긴 해..
여친이 요즘 화를 많이 내,"상대에게 크게 문제가 있지 않았는데 헤어지고 싶을 때, 미안함때문에 되려 화내기도 한대. 그런데 그런 사람한테 잘해주는 건 너무 바보같지 않아?"
여친이 요즘 화를 많이 내,이유없는 짜증과 화는 헤어짐의 신호로 볼 수 있어.
여친이 요즘 화를 많이 내,다른 스트레스 받는 일이 있는 게 아닐까?
여친이 짜증이 늘었어,그 사람한테 요즘 다른 힘든 일이 생긴 건 아니야?
여친이 짜증이 늘었어,연인에 대한 마음이 식었을 때 보이는 행동이긴 해..
여친이 짜증이 늘었어,"상대에게 크게 문제가 있지 않았는데 헤어지고 싶을 때, 미안함때문에 되려 화내기도 한대. 그런데 그런 사람한테 잘해주는 건 너무 바보같지 않아?"
여친이 짜증이 늘었어,이유없는 짜증과 화는 헤어짐의 신호로 볼 수 있어.
여친이 짜증이 늘었어,다른 스트레스 받는 일이 있는 게 아닐까?
여친이 마음이 식은 것 같다,왜 그렇게 생각해? 무슨 일이 있었어?
여친이 마음이 식은 것 같다,연인인 네가 그렇게 느낀거라면 맞겠지. 상대가 왜 변한 것 같아?
여친이 마음이 식은 것 같다,그 사람이 널 사랑하지 않는 것 같아? 왜 그렇게 느꼈어?
이젠 날 귀찮아 해,다른 스트레스 받는 일이 있는 게 아닐까?
이젠 날 귀찮아 해,왜 그렇게 생각해? 무슨 일이 있었어?
이젠 날 귀찮아 해,연인인 네가 그렇게 느낀거라면 맞겠지. 상대가 왜 변한 것 같아?
이젠 날 귀찮아 해,그 사람한테 요즘 다른 힘든 일이 생긴 건 아니야?
이젠 날 귀찮아 해,연인에 대한 마음이 식었을 때 보이는 행동이긴 해..
이젠 날 귀찮아 해,너한테 연락 잘 안해?
말을 해도 안 듣는다고! 매번 얘기하는 것도 지쳐,같은 문제로 매번 싸운다는 건 둘 사이의 관계가 한계에 접어들었다고 생각해. 이제는 진지하게 고민할 때 같다.
말을 해도 안 듣는다고! 매번 얘기하는 것도 지쳐,같은 얘기 반복하다보면 연애에 지치지.. 너는 어떻게 하고 싶어?
말을 해도 안 듣는다고! 매번 얘기하는 것도 지쳐,상대방한테 강하게 얘기해봤어? 
헤어진 연인이 나만큼 아파할까?,헤어져서 많이 힘들지? 힘내. 상대방은 더 많이 힘들어 하고 있을걸?
헤어진 연인이 나만큼 아파할까?,너만한 사람이 어딨다고? 분명 엄청 후회하고 있을거야.
헤어진 연인이 나만큼 아파할까?,너보다 더 많이 힘들어 할거야.
헤어진 연인이 나만큼 아파할까?,그런 사람때문에 왜 너가 아파하는 거야? 이제 그만 잊자! 더 좋은 사람이 나타날 거야
헤어진 연인이 나만큼 아파할까?,아직 이별의 아픔에 힘들지? 시간이 약이라는 말도 있잖아. 지나고나면 괜찮아 질 거야
헤어진 연인이 나만큼 아파할까?,이제 그만 잊어~! 새로운 사랑을 찾아보자! 더 좋은 사람 만나기 위한 경험이었던 거야
헤어진 연인이 나만큼 아플까?,헤어져서 많이 힘들지? 힘내. 상대방은 더 많이 힘들어 하고 있을걸?
헤어진 연인이 나만큼 아플까?,너만한 사람이 어딨다고? 분명 엄청 후회하고 있을거야.
헤어진 연인이 나만큼 아플까?,너보다 더 많이 힘들어 할거야.
헤어진 연인이 나만큼 아플까?,그런 사람때문에 왜 너가 아파하는 거야? 이제 그만 잊자! 더 좋은 사람이 나타날 거야
헤어진 연인이 나만큼 아플까?,아직 이별의 아픔에 힘들지? 시간이 약이라는 말도 있잖아. 지나고나면 괜찮아 질 거야
헤어진 연인이 나만큼 아플까?,이제 그만 잊어~! 새로운 사랑을 찾아보자! 더 좋은 사람 만나기 위한 경험이었던 거야
헤어진 연인이 나만큼 슬퍼할까?,헤어져서 많이 힘들지? 힘내. 상대방은 더 많이 힘들어 하고 있을걸?
헤어진 연인이 나만큼 슬퍼할까?,너만한 사람이 어딨다고? 분명 엄청 후회하고 있을거야.
헤어진 연인이 나만큼 슬퍼할까?,너보다 더 많이 힘들어 할거야.
헤어진 연인이 나만큼 슬퍼할까?,그런 사람때문에 왜 너가 아파하는 거야? 이제 그만 잊자! 더 좋은 사람이 나타날 거야
헤어진 연인이 나만큼 슬퍼할까?,아직 이별의 아픔에 힘들지? 시간이 약이라는 말도 있잖아. 지나고나면 괜찮아 질 거야
헤어진 연인이 나만큼 슬퍼할까?,이제 그만 잊어~! 새로운 사랑을 찾아보자! 더 좋은 사람 만나기 위한 경험이었던 거야
모태솔로야,조급해하지 말고 너의 인생을 살다보면 어느 순간 나타날 거야.
모태솔로야,"아직 네 인연이 안 나타난 것 뿐이야, 걱정하지 마!"
모태솔로야,혹시.. 마법 쓸 수 있어..? 미안 ㅎㅎ
모태솔로라구,조급해하지 말고 너의 인생을 살다보면 어느 순간 나타날 거야.
모태솔로라구,"아직 네 인연이 안 나타난 것 뿐이야, 걱정하지 마!"
모태솔로라구,혹시.. 마법 쓸 수 있어..? 미안 ㅎㅎ
모태솔론데?,조급해하지 말고 너의 인생을 살다보면 어느 순간 나타날 거야.
모태솔론데?,"아직 네 인연이 안 나타난 것 뿐이야, 걱정하지 마!"
모태솔론데?,혹시.. 마법 쓸 수 있어..? 미안 ㅎㅎ
모태솔로..,조급해하지 말고 너의 인생을 살다보면 어느 순간 나타날 거야.
모태솔로..,"아직 네 인연이 안 나타난 것 뿐이야, 걱정하지 마!"
모태솔로..,혹시.. 마법 쓸 수 있어..? 미안 ㅎㅎ
"나 모솔이야,,",조급해하지 말고 너의 인생을 살다보면 어느 순간 나타날 거야.
"나 모솔이야,,","아직 네 인연이 안 나타난 것 뿐이야, 걱정하지 마!"
"나 모솔이야,,",혹시.. 마법 쓸 수 있어..? 미안 ㅎㅎ
장거리 연애 시작해도 될까?,우와.. 어떻게 만나게 된 거야? 장거리 연애해도 잘 만나는 커플도 많아~ 근데 서로 배려를 많이 해야한대
장거리 연애 시작해도 될까?,서로 연락 자주하고 믿음을 준다면 괜찮지!
장거리 연애 시작해도 될까?,"장거리 연애하면 자주 못보고, 연락 안되면 불안하고 그래서 힘들텐데,, 괜찮겠어..?"
장거리 연애 시작해도 될까?,"연락 스타일이 서로 어떻게 돼? 근처 살아도 연락 안되면 많이 싸운다는데, 장거리는 더 신경 쓰일거야"
장거리 연애 시작해도 될까?,"힘들다고 하던데, 그 사람 많이 좋아한다면 난 응원해!"
"학업이 중요할까, 연애가 중요할까?",너라면 두마리 토끼를 다 잡을 수 있을 거야! 연인과 함께 공부데이트 하면서 학업에도 신경쓰면 되지~
"학업이 중요할까, 연애가 중요할까?",미래에 대한 걱정이 많은 때에 연애하기 전이라면 학업에 집중하자! 연애에 집중할 수 없는 상황이라면 사귀게 되더라도 상대방에게 상처 줄 일이 많아질거야.
"학업이 중요할까, 연애가 중요할까?","사귀고 있는데 학업이 신경쓰인다면 상대에서 솔직하게 얘기해서 만나는 시간을 줄이거나, 함께 공부하자고 해 봐"
일상 생활이 안 될 정도로 좋아하는 사람만 생각 나,우와! 네 머리 속을 가득 채운 그 사람이 누구야? 너무 궁금한데?
일상 생활이 안 될 정도로 좋아하는 사람만 생각 나,우와! 네 머리 속을 가득 채운 그 사람이 누구야? 너무 부럽다!
일상 생활이 안 될 정도로 좋아하는 사람만 생각 나,그 사람에게 먼저 연락해봤어??
일상 생활이 안 될 정도로 좋아하는 사람만 생각 나,ㅋㅋㅋ 완전 푹 빠졌구나?
전 연인과 재결합하고 싶어,왜 헤어졌었어? 헤어졌던 이유로 또 헤어지지 않을 자신 있어?
전 연인과 재결합하고 싶어,헤어졌던 커플은 다시 만나도 같은 이유로 싸우고 또 헤어진다던데.. 그 사람이 많이 생각 나?
전 연인과 재결합하고 싶어,헤어진 사람과 다시 재결합할거라면 훨씬 더 노력하고 상대를 배려해야해. 너 할 수 있겠어?
전 연인과 재결합하고 싶어,정말로 좋아했던 사람이야? 익숙함때문에 다시 만나려는거면 좀 더 고민해
전 연인과 다시 만나고 싶어,왜 헤어졌었어? 헤어졌던 이유로 또 헤어지지 않을 자신 있어?
전 연인과 다시 만나고 싶어,헤어졌던 커플은 다시 만나도 같은 이유로 싸우고 또 헤어진다던데.. 그 사람이 많이 생각 나?
전 연인과 다시 만나고 싶어,헤어진 사람과 다시 재결합할거라면 훨씬 더 노력하고 상대를 배려해야해. 너 할 수 있겠어?
전 연인과 다시 만나고 싶어,정말로 좋아했던 사람이야? 익숙함때문에 다시 만나려는거면 좀 더 고민해
당연하지,그럼 난 널 응원해
그럼,그럼 난 널 응원해
할 수 있어,그럼 난 널 응원해
많이 고민하고 결정했어,그럼 난 널 응원해
고민하고 결정했어,그럼 난 널 응원해
결정했어,그럼 난 널 응원해
선물 뭘 준비하는 게 좋을까?,상대방이 평소에 갖고 싶어했던 물건이 있어?
선물 뭘 준비하는 게 좋을까?,인터넷에 보면 많이 추천하는 선물 목록이 있던데~
선물 뭘 준비하는 게 좋을까?,화장품이나 향수처럼 취향을 타는 선물은 고민 많이 하고 골라야 해
선물 뭘 준비하는 게 좋을까?,요즘엔 쓸모없는 선물 주는 것도 유행이라던데? 어때? ㅎㅎㅎ
선물 뭘 준비하는 게 좋을까?,"비싼 물건보다 평소 그 사람이 갖고싶어 했거나, 필요로 한 물건을 주는게 더 감동일 수 있어"
선물 뭘 준비하는 게 좋을까?,나 주려고? ㅎㅎ 
여친한테 선물 주려는데 추천 좀,상대방이 평소에 갖고 싶어했던 물건이 있어?
여친한테 선물 주려는데 추천 좀,인터넷에 보면 많이 추천하는 선물 목록이 있던데~
여친한테 선물 주려는데 추천 좀,화장품이나 향수처럼 취향을 타는 선물은 고민 많이 하고 골라야 해
여친한테 선물 주려는데 추천 좀,요즘엔 쓸모없는 선물 주는 것도 유행이라던데? 어때? ㅎㅎㅎ
여친한테 선물 주려는데 추천 좀,"비싼 물건보다 평소 그 사람이 갖고싶어 했거나, 필요로 한 물건을 주는게 더 감동일 수 있어"
여자친구한테 선물 주려는데 추천 좀,상대방이 평소에 갖고 싶어했던 물건이 있어?
여자친구한테 선물 주려는데 추천 좀,인터넷에 보면 많이 추천하는 선물 목록이 있던데~
여자친구한테 선물 주려는데 추천 좀,화장품이나 향수처럼 취향을 타는 선물은 고민 많이 하고 골라야 해
여자친구한테 선물 주려는데 추천 좀,요즘엔 쓸모없는 선물 주는 것도 유행이라던데? 어때? ㅎㅎㅎ
여자친구한테 선물 주려는데 추천 좀,"비싼 물건보다 평소 그 사람이 갖고싶어 했거나, 필요로 한 물건을 주는게 더 감동일 수 있어"
남친한테 선물 주려는데 추천 좀,상대방이 평소에 갖고 싶어했던 물건이 있어?
남친한테 선물 주려는데 추천 좀,인터넷에 보면 많이 추천하는 선물 목록이 있던데~
남친한테 선물 주려는데 추천 좀,화장품이나 향수처럼 취향을 타는 선물은 고민 많이 하고 골라야 해
남친한테 선물 주려는데 추천 좀,요즘엔 쓸모없는 선물 주는 것도 유행이라던데? 어때? ㅎㅎㅎ
남친한테 선물 주려는데 추천 좀,"비싼 물건보다 평소 그 사람이 갖고싶어 했거나, 필요로 한 물건을 주는게 더 감동일 수 있어"
남자친구한테 선물 주려는데 추천 좀,상대방이 평소에 갖고 싶어했던 물건이 있어?
남자친구한테 선물 주려는데 추천 좀,인터넷에 보면 많이 추천하는 선물 목록이 있던데~
남자친구한테 선물 주려는데 추천 좀,화장품이나 향수처럼 취향을 타는 선물은 고민 많이 하고 골라야 해
남자친구한테 선물 주려는데 추천 좀,요즘엔 쓸모없는 선물 주는 것도 유행이라던데? 어때? ㅎㅎㅎ
남자친구한테 선물 주려는데 추천 좀,"비싼 물건보다 평소 그 사람이 갖고싶어 했거나, 필요로 한 물건을 주는게 더 감동일 수 있어"
기념일이야,우와! 축하해! 기분 좋은 날이네
나 오늘 기념일이야,우와! 축하해! 기분 좋은 날이네
